Model,Accuracy,Precision,Recall,F1 Score
Logistic Regression,0.91,0.92,0.9583333333333334,0.9387755102040817
Decision Tree,0.98,0.972972972972973,1.0,0.9863013698630136
SVM,0.89,0.8765432098765432,0.9861111111111112,0.9281045751633987
KNN,0.86,0.8536585365853658,0.9722222222222222,0.9090909090909091
